country,hospitalName,link,position,state,title
"USA","CREATURE COMFORTS VETERINARY RESORT & SUITE - INMAN, SC","https://www.smartrecruiters.com/AllianceAnimalHealth/744000099035548","Medical Director or Associate Veterinarian","SC","Medical Director or Associate Veterinarian"
"USA","Mitchell Village Animal Hospital - Morehead City, NC","https://www.smartrecruiters.com/AllianceAnimalHealth/744000099034718","Associate Veterinarian","NC","Associate Veterinarian"
"USA","WALKERTOWN VETERINARY HOSPITAL - WALKERTOWN, NC","https://www.smartrecruiters.com/AllianceAnimalHealth/744000099036285","Associate Veterinarian and/or Medical Director","NC","Associate Veterinarian and/or Medical Director"
"USA","SOUTHERN PAWS ANIMAL MEDICAL CENTER - FLORENCE, SC","https://www.smartrecruiters.com/AllianceAnimalHealth/744000099035387","Associate Veterinarian","SC","Associate Veterinarian"
"USA","PAWS AND CLAWS ANIMAL HOSPITAL - WILMINGTON, NC","https://www.smartrecruiters.com/AllianceAnimalHealth/744000099036124","Associate Veterinarian","NC","Associate Veterinarian"
"USA","SHENANDOAH VETERINARY HOSPITAL - MARTINSBURGH, WV","https://www.smartrecruiters.com/AllianceAnimalHealth/744000099034926","Associate Veterinarian","WV","Associate Veterinarian"
"USA","ANIMAL CARE ASSOCIATES - CHARLESTON, WV","https://www.smartrecruiters.com/AllianceAnimalHealth/744000099035053","Associate Veterinarian","WV","Associate Veterinarian"
"USA","ANIMAL CARE ASSOCIATES - CHARLESTON, WV","https://www.smartrecruiters.com/AllianceAnimalHealth/744000099034126","Medical Director or Associate Veterinarian","WV","Medical Director or Associate Veterinarian"
"USA","ROANOKE ANIMAL HOSPITAL - ROANOKE, VA","https://www.smartrecruiters.com/AllianceAnimalHealth/744000099035675","Associate Veterinarian","VA","Associate Veterinarian"
"USA","GATEWAY ANIMAL HOSPITAL - SAINT ALBANS, WV","https://www.smartrecruiters.com/AllianceAnimalHealth/744000099035580","Associate Veterinarian","WV","Associate Veterinarian"
"USA","HEBRON ANIMAL HOSPITAL - HEBRON, KY","https://www.smartrecruiters.com/AllianceAnimalHealth/744000099035405","Associate Veterinarian","KY","Associate Veterinarian"
"USA","GLENWAY ANIMAL HOSPITAL - CINCINNATI, OH","https://www.smartrecruiters.com/AllianceAnimalHealth/744000099035374","Associate Veterinarian","OH","Associate Veterinarian"
"USA","OAKVIEW VETERINARY HOSPITAL - PIQUA, OH","https://www.smartrecruiters.com/AllianceAnimalHealth/744000099035295","Associate Veterinarian","OH","Associate Veterinarian"
"USA","SHAWNEE ANIMAL CLINIC-PORTSMOUTH, OH","https://www.smartrecruiters.com/AllianceAnimalHealth/744000099034200","Associate Veterinarian","OH","Associate Veterinarian"
"USA","KINGEN VET CLINIC - SHELBYVILLE, IN","https://www.smartrecruiters.com/AllianceAnimalHealth/744000099035048","Associate Veterinarian","IN","Associate Veterinarian"
"USA","FRANKLIN ANIMAL CLINIC - FRANKLIN, IN","https://www.smartrecruiters.com/AllianceAnimalHealth/744000099034985","Associate Veterinarian- Mixed","IN","Associate Veterinarian- Mixed"
"USA","BEAN BLOSSOM ANIMAL CLINIC - INDIANAPOLIS, INDIANA","https://www.smartrecruiters.com/AllianceAnimalHealth/744000099034658","Associate Veterinarian- Mixed","IN","Associate Veterinarian- Mixed"
"USA","BEAN BLOSSOM ANIMAL CLINIC - INDIANAPOLIS, INDIANA","https://www.smartrecruiters.com/AllianceAnimalHealth/744000099034363","Associate Veterinarian","IN","Associate Veterinarian"
"USA","ANIMAL HOSPITAL OF MARTINSVILLE - MARTINSVILLE, INDIANA","https://www.smartrecruiters.com/AllianceAnimalHealth/744000099034555","Associate Veterinarian","IN","Associate Veterinarian"
"USA","FRANKLIN ANIMAL CLINIC - FRANKLIN, IN","https://www.smartrecruiters.com/AllianceAnimalHealth/744000099034365","Associate Veterinarian","IN","Associate Veterinarian"